,Current_state_temp,Current_state_watt,Next_State_heat,Next_State_watt,Action,Reward
0,22.611119689495123,0.0,22.1320553279641,0.24297296037275945,0.0,-1.2097840309143066
